chromagram,zcr,rmse,spectral_centroid,mfcc,label
0.29993933,0.0845819729477612,0.041594185,2029.6688614015354,-20.490479,angry
0.28836972,0.09382672991071428,0.022696586,2022.4372691445083,-21.925642,angry
0.28694355,0.13584421641791045,0.029983774,2767.091496848383,-21.901493,angry
0.28986555,0.10657087053571429,0.043186065,2336.9673275460937,-20.616737,angry
0.24946435,0.08146292264344263,0.030613137,2183.7182724082404,-21.014524,angry
0.29085448,0.07206885494402986,0.028357934,2041.1230693387997,-21.951292,angry
0.2667027,0.07947958669354839,0.042439654,1991.577722031655,-21.758928,angry
0.24316694,0.08564284752155173,0.035826262,1801.395414617448,-21.475426,angry
0.2441241,0.08293999565972222,0.049996123,1896.20689037986,-19.6956,angry
0.31883174,0.08860085227272728,0.0349469,2187.823053281011,-21.786127,angry
0.282263,0.10641381048387097,0.03923276,2277.5236411500887,-20.978506,angry
0.25692084,0.08468000856164383,0.03368858,1714.769946531442,-20.999695,angry
0.28500283,0.09203714037698413,0.021745162,2153.9594336688874,-21.431398,angry
0.26301116,0.08386418269230769,0.032336634,2005.2226354105933,-21.134762,angry
0.26923665,0.08660458846830986,0.046951357,2092.047344941249,-20.610106,angry
0.29654312,0.08705262880067567,0.026656644,2319.593035987119,-21.921803,angry
0.27039075,0.10894333106884058,0.043380216,2253.5567242848215,-20.58725,angry
0.30902144,0.11046316964285714,0.027577579,2467.085398453117,-21.37666,angry
0.26731113,0.11103195440573771,0.037296146,2368.6183635268135,-21.041708,angry
0.28639457,0.10663907490079365,0.025638832,2464.4127647460296,-21.825504,angry
0.30977985,0.11936757262323944,0.041278698,2538.1298427846446,-19.92721,angry
0.3718487,0.10231833261986302,0.01957828,2658.8350794441467,-21.736792,angry
0.34672314,0.1344935825892857,0.026517384,2931.6720426180304,-21.638649,angry
0.30705774,0.14063239820075757,0.033492576,2721.096536722714,-21.553164,angry
0.26669967,0.08797325721153847,0.03061775,2222.661334893833,-21.657124,angry
0.25919577,0.10498764935661764,0.034083985,2374.444094988492,-21.919228,angry
0.29763553,0.0871853298611111,0.022973623,2308.9710239863734,-21.787273,angry
0.30970266,0.08502197265625,0.030118175,2163.7580176338624,-21.849606,angry
0.34948006,0.08417693661971831,0.033096954,2313.4203862977256,-21.740356,angry
0.32973766,0.07122628348214285,0.025797177,2342.646573791856,-21.98102,angry
0.26993328,0.08589067851027397,0.034760017,1961.5087996689338,-21.74773,angry
0.28963193,0.08252740675403226,0.043121275,2168.71901153576,-21.443375,angry
0.33817786,0.08491721082089553,0.0174559,2323.3171727230815,-22.007277,angry
0.29562908,0.09096473371478873,0.020101065,2135.0855022860105,-22.649618,angry
0.26951432,0.08472683005136987,0.05062148,1919.9495105566546,-20.88414,angry
0.26770574,0.0814604423415493,0.04311927,1911.0527169027473,-21.649527,angry
0.25737,0.08061742070895522,0.04209651,1845.4455366435,-21.63816,angry
0.29811034,0.10872638759328358,0.03369105,2823.0429466672626,-21.605263,angry
0.28327885,0.12889837449596775,0.035854336,2558.6991520009824,-21.065832,angry
0.26741585,0.12034653172348485,0.03900974,2600.6223060040397,-21.8138,angry
0.28631082,0.16094611672794118,0.033251278,2934.391076625358,-20.638283,angry
0.3697086,0.11330247961956522,0.031416852,2518.8765033272125,-21.475662,angry
0.29124495,0.10234799592391304,0.025001235,2558.1005782344505,-21.91025,angry
0.27727082,0.10972481343283583,0.031990353,2418.585077429076,-21.213142,angry
0.35725173,0.0851661571557971,0.031584248,2117.9488923145614,-21.310696,angry
0.3099541,0.12335883246527778,0.037418388,2406.656827352194,-21.650341,angry
0.27899137,0.08958957619863013,0.029801983,2518.2007574124304,-21.653742,angry
0.25786108,0.09433746337890625,0.032988675,2120.43941976499,-22.00478,angry
0.36143917,0.08743672975352113,0.03228881,2105.871221925325,-21.380379,angry
0.30500108,0.09078440946691177,0.021385722,2226.998268151388,-21.812178,angry
0.26347622,0.08555279356060606,0.02685145,2136.728640351086,-22.670382,angry
0.25689453,0.07129657451923077,0.022922918,2016.732980808622,-22.108597,angry
0.26889554,0.11814926609848485,0.031935655,2550.515265933853,-21.030916,angry
0.2884741,0.09143977378731344,0.017442696,2052.1741383512035,-22.331926,angry
0.36441934,0.09592747043918919,0.02196037,2405.246238818293,-21.622116,angry
0.28277192,0.09000901442307692,0.040299166,2062.274372516791,-22.136595,angry
0.28597072,0.12812104096283783,0.02942503,2533.905791197884,-20.994719,angry
0.30400756,0.0976104736328125,0.023696497,2620.4915299620066,-21.810278,angry
0.28692093,0.09278700086805555,0.03787298,2158.178213823163,-21.182507,angry
0.2796243,0.08919749540441177,0.024087872,2470.3790921472005,-21.721895,angry
0.25965598,0.09891826923076923,0.027057543,2117.0978551668377,-22.44644,angry
0.27705762,0.08698027012711865,0.02760156,2130.6561414297425,-22.356953,angry
0.31274185,0.0865817599826389,0.041809972,1957.4249417288067,-21.134068,angry
0.23934954,0.08809213789682539,0.049638603,1922.79642229716,-20.673525,angry
0.28070825,0.08607195425724638,0.047266938,1765.8629729715135,-21.192347,angry
0.32499218,0.08572615438432836,0.022140425,2307.4072900345077,-21.229053,angry
0.25837943,0.0969390869140625,0.038811006,2172.871734405189,-20.833023,angry
0.30885118,0.09389361213235294,0.034365367,1956.4934444633413,-21.129753,angry
0.24150658,0.09485212053571429,0.03827394,2047.3484945787966,-21.371544,angry
0.29958197,0.09752604166666666,0.034120925,2210.9810261092325,-21.404608,angry
0.29793745,0.08868499300373134,0.020015426,2105.856291567376,-22.142155,angry
0.3167637,0.09334663722826086,0.016030956,2748.9954006305084,-21.920763,angry
0.2614613,0.0897117820945946,0.028420333,2374.415638912281,-22.047882,angry
0.3203114,0.08700151585820895,0.020722339,2268.1426778641326,-22.0026,angry
0.29225183,0.0901150173611111,0.029922573,2317.784834190769,-21.966772,angry
0.338951,0.09058295355902778,0.033115428,2243.662160253848,-21.033445,angry
0.30205128,0.09202974759615384,0.03913246,2137.525353989052,-20.947468,angry
0.27486777,0.10081651475694445,0.030614492,2177.649289806782,-20.85642,angry
0.2919309,0.09524489182692308,0.033436373,2273.9739466873207,-21.525852,angry
0.30029768,0.07955854366987179,0.028505249,1858.8395744278357,-21.819443,angry
0.2976766,0.08255966395547945,0.022042355,2242.445023450137,-22.1854,angry
0.25148487,0.08780924479166667,0.0317241,1856.135842842552,-21.99956,angry
0.23419523,0.08509347098214286,0.035188045,2372.368610862591,-21.322994,angry
0.2476126,0.08430249763257576,0.030870311,1908.8445320390686,-22.189726,angry
0.30479366,0.10307416523972603,0.028724428,2543.142768490349,-21.146961,angry
0.25145462,0.0944944287909836,0.0328516,2219.3150883831177,-22.703093,angry
0.32389998,0.08606305803571429,0.02343174,2429.228475852249,-21.384123,angry
0.2188172,0.07527901785714286,0.035257388,1912.9264129280266,-21.245226,angry
0.25676137,0.0788963428442029,0.027486559,2415.9766461879994,-22.76428,angry
0.2764935,0.10691352739726027,0.029719003,2581.122927041156,-22.303848,angry
0.29914838,0.08668619791666667,0.035363846,1778.8264212202416,-21.780317,angry
0.25929978,0.07383604307432433,0.033818927,1950.815718751127,-21.88551,angry
0.24467528,0.0897902397260274,0.03672563,2107.7882386812817,-21.413631,angry
0.27621555,0.08893694196428571,0.0375817,2005.4045194141097,-21.828487,angry
0.24901651,0.09358484604779412,0.036572333,1909.1155257683229,-21.688568,angry
0.34543583,0.08302176339285715,0.018033309,2088.6729485303645,-22.301144,angry
0.28654408,0.07848949163732394,0.03424595,2044.6213778881433,-21.19467,angry
0.35500753,0.10923453553082192,0.029056344,2375.9355798472316,-22.88654,angry
0.25511774,0.09235491071428571,0.03132996,2099.0303123653707,-21.019571,angry
0.3153445,0.10572608741554054,0.017535685,2477.4872719478453,-22.445774,angry
0.2571367,0.09368239182692308,0.028453294,2153.748160155083,-22.320072,angry
0.2684098,0.07886106576492537,0.028097596,2092.171307132853,-22.155762,angry
0.25984195,0.08191287878787878,0.042466804,1831.4618992718738,-21.495054,angry
0.21292682,0.0753936767578125,0.04736797,1729.0881752665964,-21.22505,angry
0.24745348,0.08349609375,0.036712386,1845.7725854071268,-21.182055,angry
0.22032881,0.08814603365384616,0.03459577,2020.515274850525,-21.305313,angry
0.28652072,0.10541178385416666,0.025037127,2252.3794018645904,-22.061098,angry
0.30966642,0.1001315646701389,0.042575724,2228.5913670577347,-21.686117,angry
0.23959193,0.08993675595238096,0.03623468,1959.3864930084553,-21.798769,angry
0.25535026,0.08894006529850747,0.047352787,2177.213609553183,-21.218771,angry
0.23820965,0.09377219460227272,0.040066488,1987.1753459740708,-21.437746,angry
0.299906,0.0754427975171233,0.038186926,1993.6097992638672,-21.964685,angry
0.2861165,0.10066964285714286,0.027203552,2758.4275044537185,-22.10327,angry
0.24375558,0.09409652217741936,0.039950002,2073.652394231545,-21.580933,angry
0.27364212,0.0960693359375,0.02867958,2249.5579156825443,-22.524649,angry
0.28492835,0.09104623367537314,0.02780064,2225.3318936800515,-21.903522,angry
0.2632042,0.09973707932692308,0.03911086,2115.804890871787,-20.89924,angry
0.2739281,0.09734287546641791,0.037543807,2193.6374685778683,-21.064543,angry
0.31572592,0.10512488996478873,0.031397752,2266.6711380663533,-19.805553,angry
0.2659851,0.08532151442307692,0.04298818,1916.7722599301214,-20.787445,angry
0.33587885,0.07979090073529412,0.033766296,1885.4232269636323,-21.076498,angry
0.3309754,0.0814359482020548,0.040372513,2134.263981928396,-21.031681,angry
0.29854655,0.11017204733455882,0.03068898,2192.7929700478185,-21.803612,angry
0.35792577,0.08069196428571429,0.022481713,2249.338683134764,-21.746223,angry
0.35046086,0.08899274553571429,0.026393214,2128.6592207695303,-21.584934,angry
0.287431,0.0795754825367647,0.033221435,1771.3573775631255,-21.126999,angry
0.28221262,0.08037923177083334,0.040387437,2038.02449011914,-21.26949,angry
0.3281406,0.1031494140625,0.032614235,2287.0565616873946,-21.646603,angry
0.27823743,0.09130161830357143,0.03182687,1951.369890285425,-21.383417,angry
0.22613354,0.08320886948529412,0.03569788,1940.827893861655,-21.27422,angry
0.23283249,0.08460036057692308,0.02658454,2281.6918063375065,-22.122961,angry
0.23205516,0.10432025748239436,0.037052095,2271.2383094268216,-22.043875,angry
0.26663473,0.11245044309701492,0.032701664,2272.3097523958045,-21.229471,angry
0.2878457,0.08630719866071429,0.021643298,2266.92034032252,-21.930885,angry
0.25552583,0.09581409801136363,0.024177937,2435.689500657519,-22.514845,angry
0.30236852,0.09247913099315068,0.03159742,1888.1931715122298,-21.503908,angry
0.24727198,0.09457859848484848,0.03608606,2003.3963388771574,-22.49352,angry
0.3070522,0.07142578125,0.030871948,1807.5984242869363,-21.4543,angry
0.23143627,0.08152142693014706,0.04086898,1859.3930359059088,-22.13101,angry
0.21112336,0.08524516091417911,0.030099591,2060.204424241422,-22.815117,angry
0.27169162,0.06943238811728394,0.040601138,1861.0670297435722,-21.04701,angry
0.25585565,0.09464518229166667,0.02982228,2199.2763321787584,-22.734348,angry
0.34931853,0.0826953125,0.0318662,2180.447090498615,-20.740213,angry
0.3151448,0.11078559027777778,0.029619537,2160.4980072668,-21.881174,angry
0.2935142,0.14810943603515625,0.021221125,2887.810221183664,-21.887518,angry
0.28672794,0.12766520182291666,0.040159676,2480.3817434994107,-20.43947,angry
0.3536699,0.13302364864864866,0.03610774,2587.295525812496,-21.07623,angry
0.31800047,0.16609914679276316,0.03314073,3142.6158597402255,-21.36692,angry
0.27331966,0.18407402663934427,0.035574704,2926.8416214627546,-20.599316,angry
0.306306,0.12478966346153846,0.024681121,2615.5947890823445,-21.996195,angry
0.30345348,0.12466556078767123,0.036667023,2311.357412392228,-20.980602,angry
0.24778399,0.11577444365530302,0.027733179,2408.223407902288,-20.641293,angry
0.35535508,0.12708021190068494,0.034589652,2619.3143963060884,-21.340998,angry
0.316657,0.1356540256076389,0.03625171,2436.918356051553,-20.902205,angry
0.24958737,0.12429942255434782,0.04002173,2398.3223486975526,-21.374136,angry
0.2712507,0.1360223488729508,0.03896865,2532.2860207986837,-19.565294,angry
0.2878049,0.14411373414855072,0.038343884,2721.5175195261095,-20.465845,angry
0.3404824,0.13460066511824326,0.02312322,2601.866316412449,-22.254864,angry
0.34260896,0.1375183990036232,0.035442535,2742.0166766160173,-21.76453,angry
0.27091455,0.12772135416666666,0.04716946,2272.1971691162153,-20.789501,angry
0.30014235,0.1506051728219697,0.024640027,2993.835189978281,-21.677069,angry
0.28416002,0.16427408854166667,0.04361048,2692.116246939848,-21.153128,angry
0.34072337,0.1326519691780822,0.032032132,2595.4208515751707,-20.766134,angry
0.24465276,0.13882938508064516,0.041421443,2519.824574784711,-21.85279,angry
0.30017018,0.11174665178571429,0.037207093,2438.5525426557215,-20.506023,angry
0.294296,0.09380918560606061,0.038169093,2140.8727665993047,-21.795813,angry
0.35145947,0.08370344606164383,0.02887929,2091.6183729820245,-21.391487,angry
0.26213127,0.09824916294642858,0.03668528,2249.7547968828017,-19.696491,angry
0.3239601,0.09101287411971831,0.039385617,2079.6328800052033,-21.12885,angry
0.2744651,0.12077780330882353,0.04834689,2530.7717443697206,-20.72548,angry
0.24718398,0.108544921875,0.042283643,2392.537920592468,-21.886992,angry
0.31807423,0.10876652644230769,0.03001207,2613.5897785102625,-21.6627,angry
0.298352,0.13444718070652173,0.037625402,2492.2061897304397,-20.850382,angry
0.29120424,0.0860200264084507,0.03261811,2031.3798676806548,-20.531248,angry
0.29758352,0.11307920258620689,0.03233879,2393.232580102849,-21.82885,angry
0.25497586,0.08867051866319445,0.03693319,1961.1661140160681,-20.795208,angry
0.28428215,0.0947265625,0.027282977,2262.653490666693,-21.986256,angry
0.32356557,0.08344350961538462,0.022109032,2109.6774096754416,-21.499262,angry
0.33638564,0.10785675048828125,0.037040867,2524.3225433224407,-21.304287,angry
0.29039335,0.0943134014423077,0.027644373,2123.450794270769,-21.747156,angry
0.23160176,0.08943810096153847,0.04151736,2149.990372000434,-21.18801,angry
0.27637455,0.13732733242753623,0.021678915,2736.5517773261513,-22.153008,angry
0.26299956,0.07983762826492537,0.042150047,1960.6099763160335,-21.435661,angry
0.24737675,0.08684118470149253,0.03848538,2165.547396515043,-21.42204,angry
0.24321854,0.08561437270220588,0.028854316,2030.436770570657,-22.037664,angry
0.2786592,0.07541468523550725,0.044655606,1848.3951227142754,-21.185028,angry
0.28692204,0.09261067708333333,0.034160186,2001.3954176116729,-21.002295,angry
0.2967798,0.08083208869485294,0.029985677,2248.3309430978416,-21.790056,angry
0.27183157,0.08454553404850747,0.0311448,2101.6332167746646,-21.901112,angry
0.26619366,0.08046324823943662,0.04826448,1915.8013700443958,-20.95628,angry
0.27227056,0.08997763356854839,0.038861703,2285.481255345978,-20.48714,angry
0.27202925,0.09511893136160714,0.044166856,2024.4740156920682,-21.965967,angry
0.31314948,0.085662841796875,0.024605136,2170.517754024838,-22.581776,angry
0.31682098,0.09596046241554054,0.037912063,2409.095033312841,-21.855366,angry
0.2522269,0.09273097826086957,0.041650336,1878.7505773434168,-22.351688,angry
0.29342654,0.09522964015151515,0.021656007,2449.6925851279393,-22.805994,angry
0.23080716,0.08388121698943662,0.043759953,1886.4237936650609,-21.794056,angry
0.2759719,0.11499387826492537,0.03261683,2653.9949095487846,-21.555075,angry
0.2908271,0.0849463619402985,0.028814368,2066.151547645584,-23.280622,angry
0.30046308,0.07429659193840579,0.034448758,2196.216812036158,-21.420536,angry
0.31752387,0.09669652478448276,0.015107326,2072.6380171620403,-19.813549,happy
0.30292854,0.09684244791666667,0.018058281,1887.4774219723015,-19.35865,happy
0.31225178,0.13724587180397727,0.01635673,2539.820735613435,-18.947803,happy
0.35148656,0.10712779651988637,0.014256496,2163.9069794995307,-19.752396,happy
0.33182955,0.08931327160493827,0.018128097,1993.8890298948438,-19.579521,happy
0.3148322,0.09905935704022989,0.019546447,2115.4611049203313,-19.129208,happy
0.34662533,0.10744114925986842,0.015315923,2084.1528219125375,-19.358381,happy
0.34822318,0.08018128301056338,0.016588684,1776.945665299542,-19.704163,happy
0.31317326,0.09259982638888889,0.015783926,1831.1938809266078,-20.13818,happy
0.33312228,0.10059784679878049,0.018126491,2088.9787345925474,-19.540903,happy
0.2878561,0.101806640625,0.019900402,1942.8870522553916,-19.76028,happy
0.3173797,0.09535180068597561,0.020147989,1858.055576922125,-19.283075,happy
0.36617184,0.09468727550287356,0.01650309,2211.0780141126174,-20.19062,happy
0.33862603,0.0987548828125,0.023205673,2154.4030736059,-19.98943,happy
0.32553178,0.10529318820224719,0.01655393,2194.4224463123637,-19.305536,happy
0.3334415,0.10921748991935484,0.018167378,2258.708030630579,-19.861206,happy
0.29633233,0.11628389906609195,0.0183482,2290.9481524940165,-19.104141,happy
0.36335495,0.11241319444444445,0.014703408,2394.092112059439,-19.910238,happy
0.38322413,0.103582763671875,0.01723344,2158.7960050704555,-19.566006,happy
0.33646873,0.13268729967948717,0.018892232,2436.6637065092123,-19.9069,happy
0.35412192,0.12455055930397728,0.015353492,2435.5112826646073,-19.639494,happy
0.3406832,0.12157648259943182,0.016264824,2620.9272496846315,-20.26865,happy
0.38158467,0.12002177622126436,0.015409679,2794.371789904859,-19.914417,happy
0.39420423,0.12981305803571427,0.01677231,2452.5462152867235,-18.89542,happy
0.3354441,0.10384114583333333,0.019881599,2103.3664121415027,-19.96854,happy
0.3476988,0.10023461318597561,0.016582666,2106.8460117161626,-19.905655,happy
0.31218278,0.08590034816576086,0.015918951,2098.5425383986726,-20.47366,happy
0.29531655,0.1000337146577381,0.01741626,2053.5771991519614,-20.06646,happy
0.35196093,0.1332275390625,0.015660297,2452.355417229831,-18.666265,happy
0.3251103,0.10189404899691358,0.019218476,2265.044839602707,-20.439901,happy
0.3180109,0.08992116044207317,0.018756764,1849.251818003223,-19.344193,happy
0.36086202,0.08950908532303371,0.016261354,2040.843336625135,-19.558174,happy
0.34418145,0.11949723490168539,0.017577525,2426.3180869632547,-19.384144,happy
0.3296831,0.1027364527925532,0.016627878,2209.885109583872,-19.747887,happy
0.34559584,0.1055126404494382,0.021065453,2175.313673577701,-19.452633,happy
0.2798222,0.10606617647058823,0.020322887,2027.4173037617595,-20.052107,happy
0.36333978,0.08644301470588235,0.017557556,1847.7863967107232,-19.629522,happy
0.3192573,0.16707167514534885,0.017805118,2854.587359480499,-18.998146,happy
0.3286742,0.1539051144622093,0.020334084,2539.9991691864384,-18.587172,happy
0.30225754,0.17255748401988635,0.01823435,2641.293961865774,-20.208881,happy
0.37627733,0.13380760482594936,0.015643615,2808.3178462561436,-18.619602,happy
0.28309256,0.17675178433641975,0.017807836,2853.5856396494723,-19.903057,happy
0.33007985,0.16513027987637363,0.01819467,2787.1049447150654,-19.353304,happy
0.29320318,0.1467013888888889,0.02039854,2550.814515177244,-19.844112,happy
0.36236086,0.10108056006493507,0.015332827,2177.8715087907826,-19.768415,happy
0.3635591,0.13297183388157896,0.015452469,2477.5239637024297,-19.926521,happy
0.2990246,0.11052517361111111,0.015570177,2317.7497935596302,-20.587645,happy
0.3169338,0.10411698190789474,0.017096333,2156.292210877818,-20.457754,happy
0.3355585,0.10240210556402439,0.021451585,2155.6840775395763,-19.730274,happy
0.27891755,0.11622858621987951,0.018681172,2194.076017859621,-20.352613,happy
0.28582597,0.09771943933823529,0.022906505,1974.5651058417793,-20.266611,happy
0.32843992,0.10418039344879518,0.016429571,2237.8285616030344,-20.068235,happy
0.33327857,0.11906027492088607,0.016987272,2366.9272029476183,-19.471354,happy
0.32196867,0.09385340073529412,0.017062712,1918.7710247269085,-20.244648,happy
0.35679457,0.11634219590053764,0.016730139,2368.8099544230786,-19.55549,happy
0.30887523,0.10903098366477272,0.019448513,2090.282452639552,-20.182728,happy
0.36296913,0.12741895653735633,0.012587398,2339.8647341346127,-19.374228,happy
0.33476606,0.1072570008116883,0.017230308,2216.9530978414164,-20.751392,happy
0.32281658,0.11207682291666667,0.0148148695,2286.5977152784017,-20.022898,happy
0.35264465,0.11849698153409091,0.011595908,2600.288393696234,-20.390446,happy
0.32771504,0.10512408088235294,0.018818889,2078.4176457381755,-18.967983,happy
0.3499217,0.10421398074127906,0.015332148,2289.123833938045,-19.38279,happy
0.3101725,0.11423561789772728,0.021812765,2182.5247308723497,-17.905466,happy
0.34086534,0.10137707674050633,0.01984828,1822.8732597801547,-19.063776,happy
0.337618,0.10936904535060976,0.01848334,2090.345636623381,-19.270353,happy
0.3304014,0.13865401105182926,0.015000369,2485.651276902279,-20.157476,happy
0.34337625,0.11403871193910256,0.017950296,2383.8262431004077,-19.704865,happy
0.32741842,0.12468232304216867,0.014856397,2217.217841739079,-20.27741,happy
0.31141314,0.11107288707386363,0.017160079,2074.8481647658864,-20.121584,happy
0.32290548,0.1224620106456044,0.016917916,2371.4986036228947,-20.205769,happy
0.2864218,0.10815161401098901,0.019064715,2136.2265985200447,-20.450405,happy
0.30122328,0.13847334306318682,0.016338596,2494.8768204818584,-20.309702,happy
0.33954558,0.11932146990740741,0.017570311,2513.2484920977085,-19.569103,happy
0.368761,0.10563347138554217,0.014606875,2349.2081992020367,-20.559412,happy
0.35338816,0.111370849609375,0.013028559,2419.1389291790642,-20.786736,happy
0.37169805,0.10335115131578948,0.014197269,2324.997631135494,-19.892918,happy
0.36999243,0.11250100676546392,0.014972475,2173.94229741426,-19.940926,happy
0.3313754,0.10814547251506024,0.017651627,2193.4830797754466,-19.756496,happy
0.3812201,0.10900125385802469,0.016594987,2295.713298820308,-19.358416,happy
0.34964928,0.10648505632267442,0.01840366,2092.73649055915,-19.471607,happy
0.2888149,0.09634650735294117,0.016847687,2146.2603712797554,-20.11893,happy
0.31772932,0.10642119984567901,0.018955003,2093.914340726806,-19.08817,happy
0.24883974,0.09500868055555556,0.020886607,1949.4121119832625,-20.297625,happy
0.27026343,0.09056146460843373,0.016681649,1836.8000449106264,-20.754725,happy
0.31065652,0.13981958762886598,0.017635593,2534.5495255793585,-19.169321,happy
0.29668793,0.09070806393678162,0.015881395,2010.8438478059888,-20.163746,happy
0.3310263,0.11170853015988372,0.017747385,2480.1040848746375,-19.474308,happy
0.27245483,0.10276813271604938,0.021700876,2120.7772879742524,-19.96923,happy
0.27872193,0.09614701704545454,0.016958483,2238.6023852109993,-20.974415,happy
0.27939653,0.10942551185344827,0.015529616,2349.2564152726495,-21.400814,happy
0.29678023,0.11462118459302326,0.02007885,2090.7523603049235,-19.657818,happy
0.30189162,0.10277235243055556,0.017536253,2027.9269769247614,-20.571684,happy
0.28963044,0.11783675309065934,0.023081535,2306.8012733677415,-19.630795,happy
0.30947834,0.11198112763554217,0.023225307,2174.451478008853,-18.788017,happy
0.3131884,0.11673762289325842,0.019092143,2249.6498527595695,-19.79498,happy
0.32562956,0.09659926470588236,0.016908882,2071.4694082691635,-20.16565,happy
0.31586516,0.10323660714285714,0.01667324,2292.0198264926416,-19.978065,happy
0.33021727,0.13265339712078653,0.013797177,2411.934884792441,-19.83619,happy
0.3015295,0.11328125,0.017920323,2165.9258585987045,-20.623549,happy
0.3174458,0.14233940972222223,0.018071603,2444.5050591066656,-19.98827,happy
0.31922543,0.10927377096036585,0.017354675,2188.4384323562545,-19.91982,happy
0.30957174,0.11232233621987951,0.017245585,2072.5007800949966,-21.060707,happy
0.29085365,0.106201171875,0.022986231,1974.358575003419,-19.743837,happy
0.27220774,0.10349180640243902,0.024810823,1949.57563734739,-19.512339,happy
0.26201648,0.09240141369047619,0.027628299,1913.3526013691544,-19.466875,happy
0.29243177,0.09764404296875,0.021264499,1914.6034695121357,-20.319471,happy
0.36479595,0.08879965924202128,0.02146099,1766.2484339071536,-19.713835,happy
0.3149018,0.12471430352393617,0.014107777,2330.0513470332025,-20.504827,happy
0.33641782,0.10019753196022728,0.017440818,2121.2400126257703,-19.357182,happy
0.25924513,0.09580288138440861,0.01943329,1927.9746313810908,-19.44379,happy
0.28248206,0.10652388649425287,0.020723542,2098.6251367122923,-20.236565,happy
0.2791737,0.11603285845588235,0.021787157,2467.034168467478,-19.976652,happy
0.32036623,0.13636697748655913,0.01538084,2507.2475536539796,-20.295744,happy
0.29701898,0.08756325461647728,0.018957702,1910.1079565561338,-19.86906,happy
0.2823569,0.09205211292613637,0.017203672,1863.33379507907,-20.24985,happy
0.37652385,0.09634254092261904,0.016466042,2002.3907714462944,-19.878162,happy
0.35136062,0.09599824004120878,0.02145525,2168.1627056519706,-18.672613,happy
0.32996753,0.08911937671703296,0.020140532,2075.2364630632947,-18.890322,happy
0.35577026,0.12482421875,0.020783363,2411.6700992619303,-19.129475,happy
0.36632612,0.09530362215909091,0.019613229,1919.1505199792934,-19.490873,happy
0.3458563,0.11037753490691489,0.019262377,2188.9526381312535,-19.172495,happy
0.35257092,0.10767169331395349,0.019085996,2161.523078511619,-18.808325,happy
0.28342366,0.14857465765449437,0.018034808,2605.7551091325286,-19.805334,happy
0.38197654,0.08938802083333333,0.015016257,2077.821543926576,-20.54604,happy
0.3794017,0.0829200316011236,0.015939472,2065.159403141998,-20.242867,happy
0.3598794,0.09490257085755814,0.020795519,1932.067350901618,-19.45935,happy
0.34760875,0.09293809047965117,0.01898367,1795.4794187169455,-19.368486,happy
0.37656167,0.11341911764705882,0.015981933,2311.6421121456924,-19.609297,happy
0.28124788,0.09731987847222222,0.01679751,1978.9748319488701,-20.26446,happy
0.28189427,0.08677375179597702,0.017365938,1902.7892391170258,-20.470324,happy
0.26815554,0.10199712396978022,0.017708723,2016.406635345583,-20.745893,happy
0.3034685,0.10532699092741936,0.015975786,2301.8374340566347,-20.175795,happy
0.3665035,0.11021131150265957,0.01246368,2280.232533537661,-19.614807,happy
0.3190628,0.11275967684659091,0.013806069,2281.869696357095,-20.413637,happy
0.28605458,0.09345354352678571,0.016012508,2171.6478456402892,-20.559261,happy
0.26676145,0.10568641754518072,0.0152522065,2018.064277667595,-20.150331,happy
0.2920181,0.10392429517663043,0.01795258,2057.6846556497003,-19.53655,happy
0.29687315,0.09674287683823529,0.020727377,2025.085697190622,-19.569605,happy
0.28820512,0.09776475694444445,0.01784018,1811.9477215372867,-19.930166,happy
0.2901819,0.08587431066176471,0.01808572,1780.6627783243184,-20.776356,happy
0.2924897,0.10964457194010417,0.022759108,2053.519131409805,-19.27961,happy
0.33483192,0.09927669986263736,0.015459093,2042.1764898065796,-20.855602,happy
0.34924293,0.10150347699175824,0.01577671,2139.9280683001125,-19.38822,happy
0.29846886,0.119189453125,0.017036006,2203.3825433763022,-19.429508,happy
0.32369888,0.15764103379360464,0.017528092,2679.282693298989,-20.711342,happy
0.34149092,0.1831452125726744,0.0157571,2854.219469374594,-18.765173,happy
0.34056652,0.18171657986111112,0.015750492,2941.586575906289,-19.807077,happy
0.34935722,0.1791478207236842,0.013690296,3101.494651966967,-19.918173,happy
0.32981578,0.16917809774709303,0.013775034,2629.4099236287275,-20.096022,happy
0.3467903,0.14266896802325582,0.014415338,2565.1000959201774,-20.2882,happy
0.32250562,0.1524631076388889,0.014900459,2588.2709379858775,-19.397,happy
0.2927722,0.13467478197674418,0.016515946,2370.6700206807586,-20.624683,happy
0.33247665,0.14866499467329544,0.015849521,2639.4714233367104,-19.691408,happy
0.2874836,0.15419671474358973,0.019637546,2530.2783077026925,-18.749033,happy
0.29656127,0.15164219647988506,0.016185058,2571.9426121489737,-19.883987,happy
0.35256693,0.12182885473901099,0.014277122,2391.7743549578768,-20.187704,happy
0.34710214,0.16107567320478725,0.012943688,2817.875793981402,-20.165243,happy
0.34580672,0.17840129573170732,0.018705398,2755.7704902794067,-19.344646,happy
0.35733834,0.17819081182065216,0.019245291,2863.702619585618,-19.225096,happy
0.33185667,0.1659717345505618,0.017471083,2590.5602437079356,-19.108908,happy
0.36945802,0.16954880617977527,0.016576927,3012.6952219413315,-20.031853,happy
0.33948767,0.16254534040178573,0.01754104,2749.2683250342147,-20.12033,happy
0.33419466,0.17530406605113635,0.01316016,3001.3311889039546,-19.835936,happy
0.2963504,0.12802269345238096,0.016819175,2369.0568614831973,-20.467783,happy
0.37161928,0.10185434626436782,0.015190183,2282.3414744593742,-20.233149,happy
0.3811661,0.10916646321614583,0.01772072,2215.5029510915533,-19.525621,happy
0.34430787,0.09142602848101265,0.014400405,2115.256540350223,-20.234072,happy
0.3434858,0.12014973958333333,0.0152816055,2356.2356978238595,-19.462166,happy
0.3623634,0.11080100319602272,0.015685875,2244.056431004502,-19.02055,happy
0.32205778,0.15224290930706522,0.015243404,2692.955893448282,-19.996431,happy
0.33894494,0.1316663240131579,0.01694441,2448.366079526313,-19.801403,happy
0.3436358,0.1713043580572289,0.018399423,2829.9086030941776,-19.806915,happy
0.27055424,0.14603015988372092,0.016204847,2419.2323576668427,-20.173296,happy
0.31810564,0.10392622514204546,0.016309895,2061.3818664500063,-19.546263,happy
0.3880239,0.11101375214041095,0.014698569,2415.98786956103,-20.6716,happy
0.3059071,0.10444728807471264,0.01615703,2224.9487337721557,-19.947872,happy
0.33756223,0.10680416980421686,0.019866025,2179.840166485122,-18.705153,happy
0.30909857,0.10689650909810126,0.020964572,2177.74470297215,-19.67734,happy
0.38598326,0.12488511029411764,0.013254418,2774.005404237356,-19.478434,happy
0.32335454,0.0991772180316092,0.017635373,2065.706662623413,-20.83281,happy
0.30920202,0.11001398533950617,0.013855054,2285.345263337501,-19.758495,happy
0.33751607,0.13921853770380435,0.016046526,2481.458113702553,-19.394287,happy
0.26169586,0.10648777173913043,0.019619578,2134.311228594196,-19.314493,happy
0.27730656,0.10760356104651163,0.020295454,2175.513629717224,-19.738676,happy
0.312899,0.10656440548780488,0.01651472,2014.5106555096536,-20.175804,happy
0.3192952,0.10122575431034483,0.022276334,1980.7905374548657,-19.937372,happy
0.31613562,0.11190892269736842,0.014958023,2039.2799511383391,-20.062208,happy
0.3345948,0.0925803960755814,0.017094094,2136.7319360921015,-20.88581,happy
0.2708683,0.10444728807471264,0.017939257,2199.8639559928665,-19.67781,happy
0.26376283,0.09970819382440477,0.017216234,1914.353477733919,-20.171867,happy
0.34639853,0.1259765625,0.012878144,2390.9216724968496,-20.77666,happy
0.33711433,0.09438941592261904,0.015152527,2039.5705508445633,-20.354567,happy
0.28065997,0.09138416108630952,0.01876516,1908.4865780753871,-20.519117,happy
0.29943666,0.13219296034946237,0.020695819,2401.699106262576,-18.993565,happy
0.3029217,0.09572412634408602,0.0130909,1840.5869634491858,-20.553366,happy
0.3203334,0.11474041606104651,0.017998205,2314.1407472043647,-18.361374,happy
0.23963921,0.0957550698138298,0.023984326,1984.368657620593,-19.575188,happy
0.3240824,0.14538858103197674,0.014683493,2668.2758015046,-20.536226,happy
0.27753395,0.10510537790697674,0.019628901,2090.6102588078215,-21.073574,happy
0.33697438,0.09094101123595505,0.016885076,2253.605652941781,-21.288496,happy
0.29799876,0.07592113597972973,0.0083530955,1887.5544590622628,-20.840387,sad
0.26578784,0.08653428819444445,0.0101596825,1773.9747495142187,-21.005339,sad
0.24220468,0.09271625140765766,0.011996274,1987.110139827842,-21.714754,sad
0.3183538,0.07453700474330358,0.010921898,1808.799361186624,-19.609768,sad
0.32550353,0.06566220238095238,0.013156964,1592.4015507822849,-20.31895,sad
0.25242013,0.07123790922619047,0.0095658135,1598.4354071521363,-21.911472,sad
0.3628685,0.07478841145833333,0.013265421,1753.6572690446192,-19.534342,sad
0.3893033,0.07060546875,0.014147267,1654.4931566779017,-19.618034,sad
0.2238538,0.07446060893691589,0.01216218,1627.0736372857323,-20.243484,sad
0.3357304,0.08244337729357798,0.013113516,1763.4257454292263,-19.556448,sad
0.35124505,0.07588517775229357,0.012234029,1778.8505606138317,-20.000866,sad
0.30761948,0.07828267415364583,0.008574079,1642.705825835972,-22.473948,sad
0.31147477,0.09148263459158416,0.009481767,1928.2614688704878,-20.710022,sad
0.2981625,0.07749595298423423,0.011781231,1739.0632004312808,-20.936518,sad
0.27083588,0.0831027560763889,0.011379225,1815.3511061630268,-20.486185,sad
0.30787435,0.09214369158878505,0.009266037,2125.7051834893787,-21.390566,sad
0.260295,0.099853515625,0.010967154,1947.6509192978374,-20.631027,sad
0.34361356,0.10014561244419642,0.012268682,2023.9870748700782,-20.722294,sad
0.3155234,0.08536707797897196,0.017255804,1812.5246891796107,-18.981167,sad
0.2917071,0.11141263521634616,0.012734481,2090.714918921235,-20.759052,sad
0.34154817,0.1055493401092233,0.008833012,2225.3674884553207,-20.943048,sad
0.30250672,0.11169655539772727,0.011848305,2112.5931882644154,-22.031147,sad
0.37470108,0.09483037032480315,0.011156655,2185.702305895176,-21.129347,sad
0.34016687,0.10097577494959678,0.010106371,2144.738525811476,-20.729366,sad
0.30250126,0.08589790962837837,0.010248297,1826.1699915944598,-21.595337,sad
0.38196534,0.07558121219758064,0.014328718,1731.222235934186,-19.479065,sad
0.30547124,0.07384562942216981,0.007762636,1813.2329018234598,-21.109371,sad
0.3016319,0.0842681623931624,0.01566092,1789.489815684928,-20.525236,sad
0.3284724,0.0831615306712963,0.014556874,1945.9725493252129,-19.719496,sad
0.27805892,0.07876150948660714,0.01712718,1656.6565200358439,-20.060875,sad
0.29846275,0.0768461681547619,0.013726501,1694.8384670227,-19.938374,sad
0.33679938,0.07891575636061947,0.011261825,1809.5417947108297,-21.122932,sad
0.27885857,0.0945725999436937,0.011068409,2029.797816774541,-21.77428,sad
0.25242394,0.08262803819444445,0.01134722,1782.4265815037822,-21.675869,sad
0.29262817,0.08101851851851852,0.010583981,1840.0992666766776,-20.237757,sad
0.27361798,0.10003288424744898,0.00921822,1931.2842904129961,-20.476145,sad
0.29443768,0.08079869538834951,0.015798112,1694.255703095993,-19.68574,sad
0.3022338,0.10990841649159663,0.014328971,2158.8908036181215,-19.925406,sad
0.30866623,0.09800306658878505,0.016305797,2040.2940403820967,-18.734556,sad
0.29404855,0.10460258152173912,0.015303262,2126.469578871147,-18.605988,sad
0.36239544,0.1029956958912037,0.01492284,2169.177797022457,-18.987288,sad
0.2927294,0.11818823483910891,0.009344018,2370.848144999102,-20.80353,sad
0.2936361,0.11145241477272727,0.010462633,2181.011054800008,-20.943848,sad
0.2783232,0.10071270282451923,0.008756944,2242.0404206832472,-20.539282,sad
0.43391696,0.07346550993217055,0.012270471,1762.7151966736,-19.920399,sad
0.28934866,0.09961354834401709,0.010128707,2117.452332319727,-20.58589,sad
0.29385957,0.10165334302325581,0.015246504,2054.5050376066856,-19.403488,sad
0.25904965,0.09602864583333333,0.011175115,1849.840473521067,-21.365297,sad
0.31712696,0.08677321213942307,0.009728983,1976.2595773415849,-20.951925,sad
0.28030872,0.09141710069444445,0.016531086,2007.960256882292,-20.321712,sad
0.27437982,0.07636033442982457,0.015935875,1803.753938652453,-19.950533,sad
0.26703554,0.09661923363095239,0.0133637665,1942.7209027522758,-21.770672,sad
0.34588397,0.08272111525229357,0.011782736,1970.0355133524888,-19.804066,sad
0.23213036,0.09198676215277778,0.013320009,1747.3079797650553,-21.565655,sad
0.31080607,0.09305308948863636,0.010291091,1927.8221257005869,-20.868351,sad
0.2807989,0.08571893601190476,0.011245682,1774.6061654377115,-20.849447,sad
0.30818963,0.09472177542892157,0.0143924495,1936.6256683561169,-18.379757,sad
0.3129306,0.0898581112132353,0.012554016,1901.359780224851,-20.355696,sad
0.2594754,0.08500744047619048,0.008601641,1961.5692849718966,-20.480392,sad
0.28917846,0.09781044407894737,0.011358313,2064.6336861130308,-20.221155,sad
0.30069616,0.09732333096590909,0.013180005,1861.786477587623,-20.371218,sad
0.28402418,0.09027035361842105,0.012823723,2075.6909913997065,-20.717354,sad
0.3151113,0.08376400027654868,0.009939991,1669.5435934924353,-19.967617,sad
0.2743727,0.07386134826030928,0.01659114,1509.8950666217281,-19.50125,sad
0.28646046,0.07412748247663552,0.015986906,1471.4310368217216,-19.282494,sad
0.34393263,0.08736510195974577,0.010717014,1994.3222095141334,-20.588314,sad
0.355605,0.08657318691037735,0.014505002,1852.3235312225324,-19.276257,sad
0.3104994,0.0817535120412844,0.015154243,1721.8089035518026,-19.633156,sad
0.25506935,0.08532262731481481,0.01305364,1772.5240771013139,-21.267073,sad
0.28995085,0.08697887859513274,0.009528469,1946.4360254743415,-20.942257,sad
0.27574164,0.09713979867788461,0.012981836,1950.345125742116,-20.449402,sad
0.266707,0.092431640625,0.009673981,2156.866490586922,-21.129421,sad
0.30446202,0.08604148582175926,0.012732639,1799.4145941006773,-20.193089,sad
0.39697972,0.08421223958333333,0.008819711,1941.5626681360582,-21.557434,sad
0.299293,0.09858261536214953,0.014309867,2046.4525838483535,-21.175623,sad
0.34260076,0.10673050331858407,0.00962348,2180.4246981445867,-20.992962,sad
0.33305645,0.07781546456473214,0.009197333,1780.6869361007668,-20.699635,sad
0.30394575,0.06310813210227273,0.015082297,1637.547409840391,-19.5826,sad
0.35104132,0.08395490975215517,0.011796263,1788.2498230636354,-19.560295,sad
0.30849057,0.07368607954545454,0.012373826,1631.033217549703,-19.026934,sad
0.28172508,0.0937547405946602,0.012443571,1994.2051626861225,-21.139732,sad
0.24706073,0.07077261117788461,0.013447365,1597.6653737072288,-20.61963,sad
0.21400419,0.08129198306074767,0.012468308,1701.5278660122017,-20.581873,sad
0.2340881,0.1046875,0.01037349,1859.9368130518692,-21.201042,sad
0.24491957,0.11345127650669642,0.007020337,2393.8735949663765,-21.431278,sad
0.25993487,0.08539546301605505,0.011522561,1869.57510483701,-21.017258,sad
0.31170386,0.0802320875563063,0.010891996,1926.5366222848054,-20.19834,sad
0.24498117,0.07490632971938775,0.01647877,1515.2405939549617,-19.367807,sad
0.24190915,0.09244478665865384,0.009773621,1900.2376235973788,-20.952078,sad
0.2834352,0.08696878367456896,0.012751055,1833.2059856827184,-19.967537,sad
0.2487902,0.08580900493421052,0.010753288,1751.5701361042445,-20.762468,sad
0.24079213,0.08342633928571429,0.014001007,1642.9822327698453,-20.87767,sad
0.2424359,0.07573379088785047,0.0099711055,1727.5959095380626,-20.029503,sad
0.35958466,0.09029683980855856,0.012023378,1829.275799601336,-18.812496,sad
0.28608346,0.07479940878378379,0.013688747,1612.373948305985,-19.528364,sad
0.26896417,0.10504815129950495,0.011772307,2021.8120548863683,-21.016363,sad
0.26654938,0.0817176748853211,0.010717005,1876.566034488093,-21.387033,sad
0.3272728,0.08790650406504065,0.0084650945,1978.0700387820366,-21.108353,sad
0.23888539,0.08425660259955753,0.013128879,1797.951240721323,-21.007654,sad
0.27020466,0.10017975663716815,0.009931241,2232.9279176058685,-20.740372,sad
0.29009736,0.08504845961084906,0.013529628,1769.1539905158766,-20.665628,sad
0.28938502,0.06867942489495799,0.011572705,1686.5243316749022,-20.931087,sad
0.22491443,0.09790723568925233,0.010398861,1880.1512003576727,-21.133804,sad
0.2895782,0.08293805803571429,0.013546656,1643.863667822228,-19.381742,sad
0.22670147,0.07982459435096154,0.010174828,1694.6359796199708,-21.485792,sad
0.26395702,0.07202364491150443,0.01399329,1543.385951464629,-19.657808,sad
0.30033013,0.08239858084862385,0.01460319,1619.6402501549214,-19.264753,sad
0.29621303,0.062436311141304345,0.012590332,1856.8186343164007,-19.820862,sad
0.27231434,0.06796683517156862,0.012258177,1680.248177193665,-19.696379,sad
0.24365655,0.08087752350663717,0.012630315,1666.6198658624062,-20.46877,sad
0.26391068,0.08073215309633028,0.012144244,1699.8351234521824,-21.321707,sad
0.32013997,0.08463959001068376,0.0076192566,1919.5225944057831,-21.655937,sad
0.2743327,0.10848607772435898,0.01238396,2283.441605493903,-19.885101,sad
0.28083703,0.08330620659722222,0.010335036,1768.4063117032836,-20.817142,sad
0.22814679,0.08485664441747573,0.010570136,1778.4560106143856,-21.038984,sad
0.30872205,0.08821307488207547,0.013881365,1835.5598552224806,-20.920681,sad
0.30447707,0.1133393787202381,0.0151547305,2116.059571879156,-19.512655,sad
0.28067356,0.087109375,0.009738862,1827.5328839724673,-21.0711,sad
0.35990357,0.07719514266304348,0.008374336,1967.686135578256,-20.359352,sad
0.31763685,0.0852520282451923,0.010024188,1685.1281453324264,-20.846249,sad
0.31672826,0.08414132254464286,0.0107714925,1841.833643992495,-21.158154,sad
0.3754106,0.09066293259297521,0.008452626,2023.7627942949914,-21.334673,sad
0.26179612,0.09541292010613207,0.009997567,2093.8398725009024,-21.10515,sad
0.36444893,0.09576761497641509,0.011186466,2049.598952068222,-20.519592,sad
0.3354777,0.08559878237612613,0.009701573,1957.9576970715566,-21.546484,sad
0.2983485,0.09324293870192307,0.00982861,1762.7802494162631,-21.194933,sad
0.34546465,0.08586647727272727,0.011606977,1631.4159455187466,-20.622538,sad
0.37656325,0.07802447150735294,0.011377368,1726.0927134522149,-20.791574,sad
0.29479155,0.07672764227642276,0.0100852465,1742.0532302494864,-21.544111,sad
0.25458682,0.07917771645642202,0.013410773,1718.0898006950465,-21.355276,sad
0.19511837,0.08256935586734694,0.010062433,1825.5845026301931,-21.95455,sad
0.2963615,0.08534071180555555,0.011092918,1901.3428950941498,-21.217562,sad
0.26869503,0.0793410966981132,0.009279171,1713.1999499330345,-20.796036,sad
0.26290157,0.081298828125,0.00983417,1819.3897335544311,-22.453077,sad
0.22292563,0.08521429097877359,0.010211884,1795.2990014711863,-22.129135,sad
0.25808167,0.07802826503537735,0.007675422,1723.0349232501283,-21.21949,sad
0.23639506,0.07196100917431193,0.011453075,1603.9988379677798,-21.14892,sad
0.29116678,0.09221796158256881,0.010983532,1815.1437932729266,-21.354057,sad
0.21829183,0.08211741727941177,0.011211686,1667.6233673112201,-21.200031,sad
0.21332185,0.08094308035714286,0.013000819,1737.631374146438,-22.040081,sad
0.21386646,0.07556046195652173,0.011062216,1636.029349473838,-21.298965,sad
0.26836735,0.0954931640625,0.011141554,1891.7382595374845,-21.443607,sad
0.2645807,0.08177999848300971,0.011670512,1739.5542352296238,-21.432564,sad
0.28022042,0.09569391214622641,0.013099389,1876.5693817052656,-20.655344,sad
0.25528562,0.14971454326923078,0.010218728,2423.1938411135447,-21.518978,sad
0.25665963,0.11772289610745613,0.008694984,2228.903679001497,-20.705696,sad
0.27594277,0.13149506191037735,0.011160475,2489.7393175412108,-21.048735,sad
0.260696,0.1382670606303419,0.0101630725,2558.641752389378,-21.078072,sad
0.30791813,0.12347819010416666,0.01022562,2196.045038819264,-21.743994,sad
0.3168164,0.1187744140625,0.008459038,2263.3999091605588,-21.540474,sad
0.27409086,0.11979013119103774,0.009691099,2226.0669215970506,-20.734213,sad
0.25034937,0.1174573396381579,0.008150285,2269.0997455998645,-21.622326,sad
0.28235137,0.11532618856837606,0.010186207,2194.4456944855738,-20.943777,sad
0.2918928,0.11247389387376237,0.0091075655,2106.1065381398453,-20.559128,sad
0.27131242,0.12048554002192982,0.00904996,2335.3029931807955,-20.861961,sad
0.29477912,0.0990832098599138,0.010461552,2097.1835367319354,-21.558073,sad
0.2749638,0.12692673141891891,0.012811696,2302.4385132782704,-21.334131,sad
0.2775098,0.15421070772058823,0.011086053,2442.5442985457803,-20.823198,sad
0.303797,0.13700394081858408,0.0099527845,2343.294841392757,-20.722597,sad
0.27797672,0.11850751456567797,0.012136836,2134.949266032829,-20.331451,sad
0.27676934,0.15507067664194915,0.009524775,2556.3566461224214,-21.14989,sad
0.23549226,0.122802734375,0.013063358,2278.7974735145217,-21.04471,sad
0.29205605,0.15572684151785715,0.009624364,2660.46809393975,-20.885775,sad
0.24456918,0.10803101794554455,0.013478655,2088.449783409176,-20.79777,sad
0.3249144,0.0900184561353211,0.0130001,2002.4704815900957,-20.828192,sad
0.29763037,0.09697522615131579,0.011182499,2021.891194718968,-20.970613,sad
0.36707753,0.0892333984375,0.00963371,1857.3014910070735,-21.001953,sad
0.30306882,0.08512228260869566,0.011035513,1827.3432823139765,-20.906273,sad
0.30812925,0.09226098391089109,0.0082715275,2067.6135347178047,-20.753948,sad
0.30243552,0.09008077973300971,0.009690031,2141.756542432866,-20.449236,sad
0.31333327,0.09457873423165138,0.014316893,2077.438310958542,-20.869678,sad
0.2600678,0.1318309550382653,0.011305734,2444.5768684308005,-21.253424,sad
0.278841,0.10490056818181819,0.009151374,2305.6332325778117,-21.238127,sad
0.3062063,0.08969772196261683,0.010058511,2004.4542907222458,-21.197025,sad
0.37842247,0.09123824814618645,0.0139823295,1934.5883937420238,-20.627491,sad
0.3149394,0.08880237140486726,0.010026587,1910.0278281874312,-20.61614,sad
0.31921366,0.10440726902173914,0.009017147,2052.882517570158,-22.03164,sad
0.30812696,0.08155616554054054,0.008099814,1917.3955825236203,-21.553976,sad
0.3569315,0.07684978003640777,0.011695405,1959.3518300419628,-20.353527,sad
0.31913763,0.08654673165137615,0.009009049,1890.963082111389,-21.212334,sad
0.2657337,0.07173739346590909,0.014271194,1716.455631915597,-20.824808,sad
0.2896059,0.09335246128318585,0.007913395,2280.9189622050903,-21.460764,sad
0.23196228,0.08870442708333333,0.013750067,1721.574581864914,-20.867592,sad
0.2458987,0.0934212561881188,0.00977637,2008.6111284229316,-21.573534,sad
0.26747164,0.07718732715707964,0.011542497,1732.9332896650208,-20.963549,sad
0.26816308,0.08881440033783784,0.0146277975,1699.1886114565177,-20.811314,sad
0.26731196,0.08547537667410714,0.008555244,2068.1840878822995,-20.52197,sad
0.30910265,0.08411287006578948,0.012257609,1774.648865823401,-21.027504,sad
0.2522272,0.08702461674528301,0.008632512,1805.9137515936789,-21.132002,sad
0.2436097,0.0729214537377451,0.013676133,1547.9400567615212,-20.393606,sad
0.29699466,0.0838939525462963,0.012431671,1785.5128122556011,-19.701902,sad
0.2917582,0.07001588054906542,0.01370889,1464.8313355555808,-19.312231,sad
0.24094665,0.0834202442354369,0.009089724,1792.1378839540473,-22.043795,sad
0.2938798,0.06686813766891891,0.008436569,1582.8045130879595,-20.631384,sad
0.25454265,0.08049847146739131,0.013549171,1647.9041473554776,-20.68476,sad
0.29052904,0.08407943860619468,0.008866588,1923.4320972936305,-21.7904,sad
0.30675656,0.0782470703125,0.0088355085,1843.254255789421,-22.097416,sad
0.28807536,0.09626552036830358,0.01216679,2090.1090644050496,-20.470495,sad
0.22047144,0.09184521967821782,0.010292205,1826.256295337699,-21.327248,sad
0.26131362,0.08149666621767242,0.010420885,1807.3813812351293,-20.404493,sad
